{
  "chartExports": [
    {
      "chart": {
        "created": 0,
        "creator": null,
        "customProperties": {},
        "description": "",
        "id": "FUBw2SqAcAE",
        "lastUpdated": 0,
        "lastUpdatedBy": null,
        "name": "Platinum Response Time SLA",
        "options": {
          "colorBy": "Scale",
          "colorScale": null,
          "colorScale2": [
            {
              "gt": 700,
              "gte": null,
              "lt": null,
              "lte": 1000,
              "paletteIndex": 16
            },
            {
              "gt": 300,
              "gte": null,
              "lt": null,
              "lte": 700,
              "paletteIndex": 17
            },
            {
              "gt": 200,
              "gte": null,
              "lt": null,
              "lte": 300,
              "paletteIndex": 18
            },
            {
              "gt": 100,
              "gte": null,
              "lt": null,
              "lte": 200,
              "paletteIndex": 19
            },
            {
              "gt": null,
              "gte": 0,
              "lt": null,
              "lte": 100,
              "paletteIndex": 20
            }
          ],
          "maximumPrecision": null,
          "noDataOptions": null,
          "programOptions": {
            "disableSampling": false,
            "maxDelay": 5000,
            "minimumResolution": 0,
            "timezone": null
          },
          "publishLabelOptions": [
            {
              "displayName": "requests.latency - P99 by user - Maximum by user",
              "label": "A",
              "paletteIndex": 1,
              "plotType": null,
              "valuePrefix": null,
              "valueSuffix": null,
              "valueUnit": "Millisecond",
              "yAxis": 0
            }
          ],
          "refreshInterval": 1000,
          "secondaryVisualization": "Linear",
          "showSparkLine": false,
          "time": {
            "range": 300000,
            "rangeEnd": 0,
            "type": "relative"
          },
          "timestampHidden": false,
          "type": "SingleValue",
          "unitPrefix": "Metric"
        },
        "packageSpecifications": "",
        "programText": "A = data('requests.latency', filter=filter('user', 'dave@signalfx.com'), extrapolation='last_value', maxExtrapolations=1,rollup='rate').percentile(pct=99, by=['user']).max(by=['user']).publish(label='A')",
        "relatedDetectorIds": [],
        "tags": null
      }
    },
    {
      "chart": {
        "created": 0,
        "creator": null,
        "customProperties": {},
        "description": "",
        "id": "FUBw5KhAYAA",
        "lastUpdated": 0,
        "lastUpdatedBy": null,
        "name": "Catalog - Requests processed per container",
        "options": {
          "colorBy": "Scale",
          "colorRange": null,
          "colorScale": null,
          "colorScale2": [
            {
              "gt": 900,
              "gte": null,
              "lt": null,
              "lte": null,
              "paletteIndex": 20
            },
            {
              "gt": 600,
              "gte": null,
              "lt": null,
              "lte": 900,
              "paletteIndex": 18
            },
            {
              "gt": null,
              "gte": null,
              "lt": null,
              "lte": 600,
              "paletteIndex": 16
            }
          ],
          "groupBy": [],
          "noDataOptions": null,
          "programOptions": {
            "disableSampling": false,
            "maxDelay": 5000,
            "minimumResolution": 0,
            "timezone": null
          },
          "publishLabelOptions": [
            {
              "displayName": "requests.processed",
              "label": "A",
              "valuePrefix": "",
              "valueSuffix": "",
              "valueUnit": null
            }
          ],
          "refreshInterval": 1000,
          "sortDirection": "Ascending",
          "sortProperty": null,
          "time": {
            "range": 300000,
            "rangeEnd": 0,
            "type": "relative"
          },
          "timestampHidden": false,
          "type": "Heatmap",
          "unitPrefix": "Metric"
        },
        "packageSpecifications": "",
        "programText": "A = data('requests.processed', filter=filter('user', '*'), rollup='latest').publish(label='A')",
        "relatedDetectorIds": [],
        "tags": null
      }
    },
    {
      "chart": {
        "created": 0,
        "creator": null,
        "customProperties": {},
        "description": "",
        "id": "FUBxBV-AcAA",
        "lastUpdated": 0,
        "lastUpdatedBy": null,
        "name": "Requests processed per container",
        "options": {
          "colorBy": "Scale",
          "colorScale2": [
            {
              "gt": 900,
              "gte": null,
              "lt": null,
              "lte": null,
              "paletteIndex": 20
            },
            {
              "gt": 600,
              "gte": null,
              "lt": null,
              "lte": 900,
              "paletteIndex": 18
            },
            {
              "gt": null,
              "gte": null,
              "lt": null,
              "lte": 600,
              "paletteIndex": 16
            }
          ],
          "hideMissingValues": false,
          "legendOptions": {
            "fields": [
              {
                "enabled": true,
                "property": "containerId"
              },
              {
                "enabled": false,
                "property": "sf_originatingMetric"
              },
              {
                "enabled": false,
                "property": "sf_metric"
              },
              {
                "enabled": true,
                "property": "user"
              },
              {
                "enabled": true,
                "property": "host"
              }
            ]
          },
          "maximumPrecision": null,
          "noDataOptions": null,
          "programOptions": {
            "disableSampling": false,
            "maxDelay": 5000,
            "minimumResolution": 0,
            "timezone": null
          },
          "publishLabelOptions": [
            {
              "displayName": "requests.processed - Top 6",
              "label": "A",
              "paletteIndex": null,
              "plotType": null,
              "valuePrefix": null,
              "valueSuffix": null,
              "valueUnit": null,
              "yAxis": 0
            }
          ],
          "refreshInterval": 1000,
          "secondaryVisualization": "Sparkline",
          "sortBy": "-value",
          "time": {
            "range": 300000,
            "rangeEnd": 0,
            "type": "relative"
          },
          "type": "List",
          "unitPrefix": "Metric"
        },
        "packageSpecifications": "",
        "programText": "A = data('requests.processed', filter=filter('user', '*'), rollup='latest').top(count=6).publish(label='A')",
        "relatedDetectorIds": [],
        "tags": null
      }
    },
    {
      "chart": {
        "created": 0,
        "creator": null,
        "customProperties": {},
        "description": "",
        "id": "FUBxECRAgAA",
        "lastUpdated": 0,
        "lastUpdatedBy": null,
        "name": "Requests processed per container",
        "options": {
          "areaChartOptions": {
            "showDataMarkers": false
          },
          "axes": [
            {
              "highWatermark": null,
              "highWatermarkLabel": null,
              "label": "",
              "lowWatermark": null,
              "lowWatermarkLabel": null,
              "max": null,
              "min": null
            },
            {
              "highWatermark": null,
              "highWatermarkLabel": null,
              "label": "",
              "lowWatermark": null,
              "lowWatermarkLabel": null,
              "max": null,
              "min": null
            }
          ],
          "axisPrecision": null,
          "colorBy": "Dimension",
          "defaultPlotType": "AreaChart",
          "eventPublishLabelOptions": [],
          "histogramChartOptions": {
            "colorThemeIndex": 16
          },
          "includeZero": false,
          "legendOptions": {
            "fields": null
          },
          "lineChartOptions": {
            "showDataMarkers": false
          },
          "noDataOptions": null,
          "onChartLegendOptions": {
            "dimensionInLegend": null,
            "showLegend": false
          },
          "programOptions": {
            "disableSampling": false,
            "maxDelay": 5000,
            "minimumResolution": 0,
            "timezone": null
          },
          "publishLabelOptions": [
            {
              "displayName": "requests.processed - Sum by containerId",
              "label": "A",
              "paletteIndex": null,
              "plotType": null,
              "valuePrefix": null,
              "valueSuffix": null,
              "valueUnit": null,
              "yAxis": 0
            }
          ],
          "showEventLines": false,
          "stacked": true,
          "time": {
            "range": 300000,
            "rangeEnd": 0,
            "type": "relative"
          },
          "type": "TimeSeriesChart",
          "unitPrefix": "Metric"
        },
        "packageSpecifications": "",
        "programText": "A = data('requests.processed', filter=filter('user', 'dave@signalfx.com'), rollup='latest', extrapolation='last_value', maxExtrapolations=1).sum(by=['containerId']).publish(label='A')",
        "relatedDetectorIds": [],
        "tags": null
      }
    },
    {
      "chart": {
        "created": 0,
        "creator": null,
        "customProperties": {},
        "description": "",
        "id": "FUBxH_iAYAA",
        "lastUpdated": 0,
        "lastUpdatedBy": null,
        "name": "Catalog - Requests per Second",
        "options": {
          "colorBy": "Scale",
          "colorScale": null,
          "colorScale2": [
            {
              "gt": 2700,
              "gte": null,
              "lt": null,
              "lte": null,
              "paletteIndex": 20
            },
            {
              "gt": 2600,
              "gte": null,
              "lt": null,
              "lte": 2700,
              "paletteIndex": 18
            },
            {
              "gt": null,
              "gte": null,
              "lt": null,
              "lte": 2600,
              "paletteIndex": 16
            }
          ],
          "maximumPrecision": null,
          "noDataOptions": null,
          "programOptions": {
            "disableSampling": false,
            "maxDelay": 5000,
            "minimumResolution": 0,
            "timezone": null
          },
          "publishLabelOptions": [
            {
              "displayName": "requests.processed - Sum",
              "label": "A",
              "paletteIndex": null,
              "plotType": null,
              "valuePrefix": null,
              "valueSuffix": null,
              "valueUnit": null,
              "yAxis": 0
            }
          ],
          "refreshInterval": 1000,
          "secondaryVisualization": "Sparkline",
          "showSparkLine": false,
          "time": {
            "range": 60000,
            "rangeEnd": 0,
            "type": "relative"
          },
          "timestampHidden": false,
          "type": "SingleValue",
          "unitPrefix": "Metric"
        },
        "packageSpecifications": "",
        "programText": "A = data('requests.processed', filter=filter('user', 'dave@signalfx.com'), rollup='latest', extrapolation='last_value', maxExtrapolations=2).sum().publish(label='A')",
        "relatedDetectorIds": [],
        "tags": null
      }
    },
    {
      "chart": {
        "created": 0,
        "creator": null,
        "customProperties": {},
        "description": "",
        "id": "FUBxIMCAYAA",
        "lastUpdated": 0,
        "lastUpdatedBy": null,
        "name": "Requests Latency per customer",
        "options": {
          "colorBy": "Dimension",
          "colorScale2": null,
          "hideMissingValues": false,
          "legendOptions": {
            "fields": [
              {
                "enabled": true,
                "property": "containerId"
              },
              {
                "enabled": false,
                "property": "sf_originatingMetric"
              },
              {
                "enabled": false,
                "property": "sf_metric"
              },
              {
                "enabled": false,
                "property": "user"
              },
              {
                "enabled": true,
                "property": "customer"
              }
            ]
          },
          "maximumPrecision": null,
          "noDataOptions": null,
          "programOptions": {
            "disableSampling": false,
            "maxDelay": 5000,
            "minimumResolution": 0,
            "timezone": null
          },
          "publishLabelOptions": [
            {
              "displayName": "requests.latency - Top 6",
              "label": "A",
              "paletteIndex": null,
              "plotType": null,
              "valuePrefix": null,
              "valueSuffix": null,
              "valueUnit": "Millisecond",
              "yAxis": 0
            }
          ],
          "refreshInterval": 1000,
          "secondaryVisualization": "Sparkline",
          "sortBy": "-value",
          "time": {
            "range": 300000,
            "rangeEnd": 0,
            "type": "relative"
          },
          "type": "List",
          "unitPrefix": "Metric"
        },
        "packageSpecifications": "",
        "programText": "A = data('requests.latency', filter=filter('user', '*'), rollup='latest').top(count=6).publish(label='A')",
        "relatedDetectorIds": [],
        "tags": null
      }
    },
    {
      "chart": {
        "created": 0,
        "creator": null,
        "customProperties": {},
        "description": "",
        "id": "FUBxK81AgAA",
        "lastUpdated": 0,
        "lastUpdatedBy": null,
        "name": "Requests Latency per customer",
        "options": {
          "areaChartOptions": {
            "showDataMarkers": false
          },
          "axes": [
            {
              "highWatermark": null,
              "highWatermarkLabel": null,
              "label": "",
              "lowWatermark": null,
              "lowWatermarkLabel": null,
              "max": null,
              "min": null
            },
            {
              "highWatermark": null,
              "highWatermarkLabel": null,
              "label": "",
              "lowWatermark": null,
              "lowWatermarkLabel": null,
              "max": null,
              "min": null
            }
          ],
          "axisPrecision": null,
          "colorBy": "Dimension",
          "defaultPlotType": "AreaChart",
          "eventPublishLabelOptions": [],
          "histogramChartOptions": {
            "colorThemeIndex": 16
          },
          "includeZero": false,
          "legendOptions": {
            "fields": [
              {
                "enabled": true,
                "property": "containerId"
              },
              {
                "enabled": false,
                "property": "sf_originatingMetric"
              },
              {
                "enabled": false,
                "property": "sf_metric"
              },
              {
                "enabled": false,
                "property": "user"
              },
              {
                "enabled": true,
                "property": "customer"
              },
              {
                "enabled": true,
                "property": "canary"
              }
            ]
          },
          "lineChartOptions": {
            "showDataMarkers": false
          },
          "noDataOptions": null,
          "onChartLegendOptions": {
            "dimensionInLegend": null,
            "showLegend": false
          },
          "programOptions": {
            "disableSampling": false,
            "maxDelay": 5000,
            "minimumResolution": 0,
            "timezone": null
          },
          "publishLabelOptions": [
            {
              "displayName": "requests.latency - Top 6",
              "label": "A",
              "paletteIndex": null,
              "plotType": null,
              "valuePrefix": null,
              "valueSuffix": null,
              "valueUnit": "Millisecond",
              "yAxis": 0
            }
          ],
          "showEventLines": false,
          "stacked": true,
          "time": {
            "range": 300000,
            "rangeEnd": 0,
            "type": "relative"
          },
          "type": "TimeSeriesChart",
          "unitPrefix": "Metric"
        },
        "packageSpecifications": "",
        "programText": "A = data('requests.latency', filter=filter('user', 'dave@signalfx.com'), rollup='latest', extrapolation='last_value', maxExtrapolations=1).top(count=6).publish(label='A')",
        "relatedDetectorIds": [],
        "tags": null
      }
    },
    {
      "chart": {
        "created": 0,
        "creator": null,
        "customProperties": {},
        "description": "",
        "id": "FUBxMw7AcAE",
        "lastUpdated": 0,
        "lastUpdatedBy": null,
        "name": "Overall requests processed",
        "options": {
          "areaChartOptions": {
            "showDataMarkers": false
          },
          "axes": [
            {
              "highWatermark": 3400,
              "highWatermarkLabel": "high",
              "label": "",
              "lowWatermark": 2000,
              "lowWatermarkLabel": "low",
              "max": null,
              "min": null
            }
          ],
          "axisPrecision": null,
          "colorBy": "Dimension",
          "defaultPlotType": "LineChart",
          "eventPublishLabelOptions": [],
          "histogramChartOptions": {
            "colorThemeIndex": 16
          },
          "includeZero": false,
          "legendOptions": {
            "fields": null
          },
          "lineChartOptions": {
            "showDataMarkers": false
          },
          "noDataOptions": null,
          "onChartLegendOptions": {
            "dimensionInLegend": null,
            "showLegend": false
          },
          "programOptions": {
            "disableSampling": false,
            "maxDelay": 5000,
            "minimumResolution": 0,
            "timezone": null
          },
          "publishLabelOptions": [
            {
              "displayName": "requests.processed - Sum",
              "label": "A",
              "paletteIndex": null,
              "plotType": null,
              "valuePrefix": null,
              "valueSuffix": null,
              "valueUnit": null,
              "yAxis": 0
            }
          ],
          "showEventLines": true,
          "stacked": false,
          "time": {
            "range": 300000,
            "rangeEnd": 0,
            "type": "relative"
          },
          "type": "TimeSeriesChart",
          "unitPrefix": "Metric"
        },
        "packageSpecifications": "",
        "programText": "A = data('requests.processed', filter=filter('user', '*'), rollup='latest', extrapolation='last_value', maxExtrapolations=2).sum().publish(label='A')",
        "relatedDetectorIds": [],
        "tags": null
      }
    },
    {
      "chart": {
        "created": 0,
        "creator": null,
        "customProperties": {},
        "description": "",
        "id": "FUBxPE0AcAA",
        "lastUpdated": 0,
        "lastUpdatedBy": null,
        "name": "Service map",
        "options": {
          "colorBy": "Range",
          "colorRange": {
            "color": null,
            "max": null,
            "min": null
          },
          "colorScale2": null,
          "defaultColorBy": null,
          "defaultSizeBy": null,
          "mapRange": null,
          "operationFilter": null,
          "programOptions": {
            "disableSampling": false,
            "maxDelay": 0,
            "minimumResolution": 0,
            "timezone": null
          },
          "serviceFilter": [],
          "systemMapLabelOptions": [
            {
              "displayName": "Requests/sec",
              "label": "B",
              "valuePrefix": null,
              "valueSuffix": null,
              "valueUnit": null,
              "viewMenu": "SizeBy"
            }
          ],
          "tagFilters": null,
          "type": "SystemMap"
        },
        "packageSpecifications": "",
        "programText": "B = data('spans.count', filter=filter('kind', 'CONSUMER', 'SERVER'),rollup='rate').sum(by=['service']).publish(label='B')",
        "relatedDetectorIds": [],
        "tags": null
      }
    },
    {
      "chart": {
        "created": 0,
        "creator": null,
        "customProperties": {},
        "description": "",
        "id": "FUBxRfwAcAA",
        "lastUpdated": 0,
        "lastUpdatedBy": null,
        "name": "Peak Request Latency (last 10s)",
        "options": {
          "colorBy": "Scale",
          "colorScale": null,
          "colorScale2": [
            {
              "gt": 700,
              "gte": null,
              "lt": null,
              "lte": null,
              "paletteIndex": 16
            },
            {
              "gt": 200,
              "gte": null,
              "lt": null,
              "lte": 700,
              "paletteIndex": 18
            },
            {
              "gt": null,
              "gte": null,
              "lt": null,
              "lte": 200,
              "paletteIndex": 20
            }
          ],
          "maximumPrecision": 3,
          "noDataOptions": null,
          "programOptions": {
            "disableSampling": false,
            "maxDelay": 5000,
            "minimumResolution": 0,
            "timezone": null
          },
          "publishLabelOptions": [
            {
              "displayName": "requests.latency - Maximum(10s) - Maximum",
              "label": "A",
              "paletteIndex": null,
              "plotType": null,
              "valuePrefix": null,
              "valueSuffix": null,
              "valueUnit": "Millisecond",
              "yAxis": 0
            }
          ],
          "refreshInterval": 1000,
          "secondaryVisualization": "None",
          "showSparkLine": false,
          "time": {
            "range": 300000,
            "rangeEnd": 0,
            "type": "relative"
          },
          "timestampHidden": false,
          "type": "SingleValue",
          "unitPrefix": "Metric"
        },
        "packageSpecifications": "",
        "programText": "A = data('requests.latency', filter=filter('user', 'dave@signalfx.com'), rollup='latest', extrapolation='last_value', maxExtrapolations=1).max(over='10s').max().publish(label='A')",
        "relatedDetectorIds": [],
        "tags": null
      }
    },
    {
      "chart": {
        "created": 0,
        "creator": null,
        "customProperties": {},
        "description": "",
        "id": "FUBxTraAYAA",
        "lastUpdated": 0,
        "lastUpdatedBy": null,
        "name": "P99 Requests Latency (P99)",
        "options": {
          "areaChartOptions": {
            "showDataMarkers": false
          },
          "axes": [
            {
              "highWatermark": 75,
              "highWatermarkLabel": "Expected Peak Latency",
              "label": "",
              "lowWatermark": null,
              "lowWatermarkLabel": null,
              "max": null,
              "min": null
            },
            {
              "highWatermark": null,
              "highWatermarkLabel": null,
              "label": "",
              "lowWatermark": null,
              "lowWatermarkLabel": null,
              "max": null,
              "min": null
            }
          ],
          "axisPrecision": null,
          "colorBy": "Dimension",
          "defaultPlotType": "LineChart",
          "eventPublishLabelOptions": [],
          "histogramChartOptions": {
            "colorThemeIndex": 16
          },
          "includeZero": false,
          "legendOptions": {
            "fields": [
              {
                "enabled": true,
                "property": "containerId"
              },
              {
                "enabled": false,
                "property": "sf_originatingMetric"
              },
              {
                "enabled": false,
                "property": "sf_metric"
              },
              {
                "enabled": true,
                "property": "user"
              },
              {
                "enabled": true,
                "property": "customer"
              },
              {
                "enabled": true,
                "property": "canary"
              }
            ]
          },
          "lineChartOptions": {
            "showDataMarkers": false
          },
          "noDataOptions": null,
          "onChartLegendOptions": {
            "dimensionInLegend": null,
            "showLegend": false
          },
          "programOptions": {
            "disableSampling": false,
            "maxDelay": 5000,
            "minimumResolution": 0,
            "timezone": null
          },
          "publishLabelOptions": [
            {
              "displayName": "requests.latency - P99",
              "label": "A",
              "paletteIndex": 1,
              "plotType": null,
              "valuePrefix": null,
              "valueSuffix": null,
              "valueUnit": "Millisecond",
              "yAxis": 0
            }
          ],
          "showEventLines": false,
          "stacked": false,
          "time": {
            "range": 300000,
            "rangeEnd": 0,
            "type": "relative"
          },
          "type": "TimeSeriesChart",
          "unitPrefix": "Metric"
        },
        "packageSpecifications": "",
        "programText": "A = data('requests.latency', filter=filter('user', '*'), extrapolation='last_value', maxExtrapolations=1,rollup='rate').percentile(pct=99).publish(label='A')",
        "relatedDetectorIds": [],
        "tags": null
      }
    },
    {
      "chart": {
        "created": 0,
        "creator": null,
        "customProperties": {},
        "description": "",
        "id": "FUBxXJAAgAA",
        "lastUpdated": 0,
        "lastUpdatedBy": null,
        "name": "Peak Request Latency (last 10s)",
        "options": {
          "colorBy": "Scale",
          "colorScale": null,
          "colorScale2": [
            {
              "gt": 700,
              "gte": null,
              "lt": null,
              "lte": null,
              "paletteIndex": 16
            },
            {
              "gt": 200,
              "gte": null,
              "lt": null,
              "lte": 700,
              "paletteIndex": 18
            },
            {
              "gt": null,
              "gte": null,
              "lt": null,
              "lte": 200,
              "paletteIndex": 20
            }
          ],
          "maximumPrecision": 3,
          "noDataOptions": null,
          "programOptions": {
            "disableSampling": false,
            "maxDelay": 5000,
            "minimumResolution": 0,
            "timezone": null
          },
          "publishLabelOptions": [
            {
              "displayName": "requests.latency - Maximum(10s) - Maximum",
              "label": "A",
              "paletteIndex": null,
              "plotType": null,
              "valuePrefix": null,
              "valueSuffix": null,
              "valueUnit": "Millisecond",
              "yAxis": 0
            }
          ],
          "refreshInterval": 1000,
          "secondaryVisualization": "None",
          "showSparkLine": false,
          "time": {
            "range": 300000,
            "rangeEnd": 0,
            "type": "relative"
          },
          "timestampHidden": false,
          "type": "SingleValue",
          "unitPrefix": "Metric"
        },
        "packageSpecifications": "",
        "programText": "A = data('requests.latency', filter=filter('user', '*'), rollup='latest', extrapolation='last_value', maxExtrapolations=1).max(over='10s').max().publish(label='A')",
        "relatedDetectorIds": [],
        "tags": null
      }
    },
    {
      "chart": {
        "created": 0,
        "creator": null,
        "customProperties": {},
        "description": "",
        "id": "FUBxXhmAYAA",
        "lastUpdated": 0,
        "lastUpdatedBy": null,
        "name": "Event Feed",
        "options": {
          "eventPublishLabelOptions": [
            {
              "displayName": "New Plot",
              "label": "A",
              "paletteIndex": null
            },
            {
              "displayName": "New Plot",
              "label": "B",
              "paletteIndex": null
            },
            {
              "displayName": "Health Check",
              "label": "C",
              "paletteIndex": null
            }
          ],
          "noDataOptions": null,
          "time": {
            "range": 300000,
            "rangeEnd": 0,
            "type": "relative"
          },
          "type": "Event"
        },
        "packageSpecifications": "",
        "programText": "A = events(eventType='canary push event', filter=filter('user', '*')).publish(label='A')\nB = events(eventType='Automated Rollback initiated', filter=filter('user', '*')).publish(label='B')\nC = events(eventType='Health Check', filter=filter('user', '*')).publish(label='C')",
        "relatedDetectorIds": [],
        "tags": null
      }
    }
  ],
  "dashboardExport": {
    "dashboard": {
      "authorizedWriters": null,
      "chartDensity": "HIGHEST",
      "charts": [
        {
          "chartId": "FUBxXhmAYAA",
          "column": 9,
          "height": 3,
          "row": 0,
          "width": 3
        },
        {
          "chartId": "FUBxH_iAYAA",
          "column": 0,
          "height": 1,
          "row": 0,
          "width": 3
        },
        {
          "chartId": "FUBw2SqAcAE",
          "column": 3,
          "height": 1,
          "row": 0,
          "width": 3
        },
        {
          "chartId": "FUBxRfwAcAA",
          "column": 6,
          "height": 1,
          "row": 0,
          "width": 3
        },
        {
          "chartId": "FUBxECRAgAA",
          "column": 0,
          "height": 1,
          "row": 1,
          "width": 4
        },
        {
          "chartId": "FUBxK81AgAA",
          "column": 4,
          "height": 1,
          "row": 1,
          "width": 5
        },
        {
          "chartId": "FUBxIMCAYAA",
          "column": 4,
          "height": 1,
          "row": 2,
          "width": 5
        },
        {
          "chartId": "FUBxPE0AcAA",
          "column": 0,
          "height": 2,
          "row": 2,
          "width": 4
        },
        {
          "chartId": "FUBxBV-AcAA",
          "column": 9,
          "height": 2,
          "row": 3,
          "width": 3
        },
        {
          "chartId": "FUBxTraAYAA",
          "column": 4,
          "height": 1,
          "row": 3,
          "width": 5
        },
        {
          "chartId": "FUBw5KhAYAA",
          "column": 0,
          "height": 1,
          "row": 4,
          "width": 4
        },
        {
          "chartId": "FUBxMw7AcAE",
          "column": 4,
          "height": 1,
          "row": 4,
          "width": 5
        },
        {
          "chartId": "FUBxXJAAgAA",
          "column": 0,
          "height": 1,
          "row": 5,
          "width": 6
        }
      ],
      "created": 0,
      "creator": null,
      "customProperties": null,
      "description": "",
      "discoveryOptions": null,
      "eventOverlays": [
        {
          "eventColorIndex": 3,
          "eventLine": true,
          "eventSignal": {
            "detectorId": null,
            "eventSearchText": "SE Demo - Latency Population Outlier",
            "eventType": "detectorEvents"
          },
          "label": "SE Demo - Latency Population Outlier",
          "overlayId": "VgLY4Y",
          "sources": []
        },
        {
          "eventColorIndex": 14,
          "eventLine": true,
          "eventSignal": {
            "detectorId": null,
            "eventSearchText": "canary push event",
            "eventType": "eventTimeSeries"
          },
          "label": "Canary Push Event",
          "overlayId": "9f94HQ",
          "sources": []
        },
        {
          "eventColorIndex": 11,
          "eventLine": true,
          "eventSignal": {
            "detectorId": null,
            "eventSearchText": "Automated Rollback initiated",
            "eventType": "eventTimeSeries"
          },
          "label": "Automated Rollback initiated",
          "overlayId": "Jrejnq",
          "sources": []
        }
      ],
      "filters": {
        "sources": null,
        "time": {
          "end": "Now",
          "start": "-5m"
        },
        "variables": [
          {
            "alias": "user",
            "applyIfExists": true,
            "description": "",
            "preferredSuggestions": [],
            "property": "user",
            "propertyMappings": [
              "user"
            ],
            "replaceOnly": false,
            "required": false,
            "restricted": false,
            "value": [
              "apietsch@splunk.com"
            ]
          }
        ]
      },
      "groupId": "Ejw5Gt8AcAA",
      "groupName": "apietsch@splunk.com",
      "id": "FUBxC54AYAE",
      "lastUpdated": 0,
      "lastUpdatedBy": null,
      "maxDelayOverride": null,
      "name": "APH Demo",
      "permissions": null,
      "selectedEventOverlays": [
        {
          "eventSignal": null,
          "overlayId": "9f94HQ",
          "sources": []
        },
        {
          "eventSignal": null,
          "overlayId": "Jrejnq",
          "sources": []
        },
        {
          "eventSignal": {
            "detectorId": null,
            "eventSearchText": "APH SeatBooking",
            "eventType": "detectorEvents"
          },
          "overlayId": null,
          "sources": []
        }
      ],
      "tags": null
    }
  },
  "hashCode": -819931465,
  "id": "FUBxC54AYAE",
  "modelVersion": 1,
  "packageType": "DASHBOARD"
}